user_id,user_login,user_type,avatar_url
145009677,KiranRajeev-KV,User,https://avatars.githubusercontent.com/u/145009677?v=4
153985965,vijay-sb,User,https://avatars.githubusercontent.com/u/153985965?u=60cd18051ed5aa9ee20481b6d0fdfa9665d2dbea&v=4
72215925,IAmRiteshKoushik,User,https://avatars.githubusercontent.com/u/72215925?u=ee19de91a017cc2c1ca73756d270f11b18fe902a&v=4
143313500,akshayks13,User,https://avatars.githubusercontent.com/u/143313500?u=e4aa659e5f172060f08cfeaff9a939686fffc3c1&v=4
145009023,Nandgopal-R,User,https://avatars.githubusercontent.com/u/145009023?v=4
180295837,Shruhath,User,https://avatars.githubusercontent.com/u/180295837?v=4
115925529,adithya-menon-r,User,https://avatars.githubusercontent.com/u/115925529?u=b3e990fd731f21df0f442d7bcb7ea2cd9f5264d6&v=4
111196217,Thanus-Kumaar,User,https://avatars.githubusercontent.com/u/111196217?u=b76ca5a266662548cd513d823cbcfc7625fe1e27&v=4
116747452,Naganathan05,User,https://avatars.githubusercontent.com/u/116747452?u=0b886c0d655b6a9b7e7d8866945919c41668f191&v=4
111127663,TharunKumarrA,User,https://avatars.githubusercontent.com/u/111127663?u=6365357304320a47758f4d4f13a3ed4341e4aa2b&v=4
